Text Range,Leaf,Page,Bar Hama 2,Gap,Notes,URL-suffix
Deut 28:17–28:45,1r,1,https://barhama.com/aleppocodex/?image=ALEPPO_CODEX_001r,Before,,001r
Deut 28:45–28:66,1v,2,https://barhama.com/aleppocodex/?image=ALEPPO_CODEX_001v,,,001v
Deut 28:66–29:19,2r,3,https://barhama.com/aleppocodex/?image=ALEPPO_CODEX_002r,,,002r
Deut 29:19–30:11,2v,4,https://barhama.com/aleppocodex/?image=ALEPPO_CODEX_002v,,,002v
Deut 30:11–31:12,3r,5,https://barhama.com/aleppocodex/?image=ALEPPO_CODEX_003r,,,003r
Deut 31:12–31:28,3v,6,https://barhama.com/aleppocodex/?image=ALEPPO_CODEX_003v,,,003v
Deut 31:28–32:14,4r,7,https://barhama.com/aleppocodex/?image=ALEPPO_CODEX_004r,,,004r
Deut 32:14–32:33,4v,8,https://barhama.com/aleppocodex/?image=ALEPPO_CODEX_004v,,,004v
Deut 32:33–32:50,5r,9,https://barhama.com/aleppocodex/?image=ALEPPO_CODEX_005r,,,005r
Deut 32:50–33:29,5v,10,https://barhama.com/aleppocodex/?image=ALEPPO_CODEX_005v,,,005v
Deut 33:29–34:12,6r,11,https://barhama.com/aleppocodex/?image=ALEPPO_CODEX_006r,,,006r
Josh 1:1–2:4,6v,12,https://barhama.com/aleppocodex/?image=ALEPPO_CODEX_006v,,,006v
Josh 2:4–3:3,7r,13,https://barhama.com/aleppocodex/?image=ALEPPO_CODEX_007r,,,007r
Josh 3:3–4:6,7v,14,https://barhama.com/aleppocodex/?image=ALEPPO_CODEX_007v,,,007v
Josh 4:6–5:3,8r,15,https://barhama.com/aleppocodex/?image=ALEPPO_CODEX_008r,,,008r
Josh 5:3–6:8,8v,16,https://barhama.com/aleppocodex/?image=ALEPPO_CODEX_008v,,,008v
Josh 6:8–6:26,9r,17,https://barhama.com/aleppocodex/?image=ALEPPO_CODEX_009r,,,009r
Josh 6:26–7:21,9v,18,https://barhama.com/aleppocodex/?image=ALEPPO_CODEX_009v,,,009v
Josh 7:21–8:15,10r,19,https://barhama.com/aleppocodex/?image=ALEPPO_CODEX_010r,,,010r
Josh 8:15–8:35,10v,20,https://barhama.com/aleppocodex/?image=ALEPPO_CODEX_010v,,,010v
Josh 8:35–9:23,11r,21,https://barhama.com/aleppocodex/?image=ALEPPO_CODEX_011r,,,011r
Josh 9:23–10:15,11v,22,https://barhama.com/aleppocodex/?image=ALEPPO_CODEX_011v,,,011v
Josh 10:15–10:34,12r,23,https://barhama.com/aleppocodex/?image=ALEPPO_CODEX_012r,,,012r
Josh 10:34–11:11,12v,24,https://barhama.com/aleppocodex/?image=ALEPPO_CODEX_012v,,,012v
Josh 11:11–12:7,13r,25,https://barhama.com/aleppocodex/?image=ALEPPO_CODEX_013r,,,013r
Josh 12:7–13:14,13v,26,https://barhama.com/aleppocodex/?image=ALEPPO_CODEX_013v,,,013v
Josh 13:14–14:6,14r,27,https://barhama.com/aleppocodex/?image=ALEPPO_CODEX_014r,,,014r
Josh 14:6–15:10,14v,28,https://barhama.com/aleppocodex/?image=ALEPPO_CODEX_014v,,,014v
Josh 15:10–15:53,15r,29,https://barhama.com/aleppocodex/?image=ALEPPO_CODEX_015r,,,015r
Josh 15:53–17:7,15v,30,https://barhama.com/aleppocodex/?image=ALEPPO_CODEX_015v,,,015v
Josh 17:7–18:8,16r,31,https://barhama.com/aleppocodex/?image=ALEPPO_CODEX_016r,,,016r
Josh 18:9–19:7,16v,32,https://barhama.com/aleppocodex/?image=ALEPPO_CODEX_016v,,,016v
Josh 19:7–19:36,17r,33,https://barhama.com/aleppocodex/?image=ALEPPO_CODEX_017r,,,017r
Josh 19:36–21:1,17v,34,https://barhama.com/aleppocodex/?image=ALEPPO_CODEX_017v,,,017v
Josh 21:1–21:25,18r,35,https://barhama.com/aleppocodex/?image=ALEPPO_CODEX_018r,,,018r
Josh 21:25–22:5,18v,36,https://barhama.com/aleppocodex/?image=ALEPPO_CODEX_018v,,,018v
Josh 22:5–22:21,19r,37,https://barhama.com/aleppocodex/?image=ALEPPO_CODEX_019r,,,019r
Josh 22:21–23:4,19v,38,https://barhama.com/aleppocodex/?image=ALEPPO_CODEX_019v,,,019v
Josh 23:4–24:6,20r,39,https://barhama.com/aleppocodex/?image=ALEPPO_CODEX_020r,,,020r
Josh 24:7–24:26,20v,40,https://barhama.com/aleppocodex/?image=ALEPPO_CODEX_020v,,,020v
Josh 24:26–Judg 1:15,21r,41,https://barhama.com/aleppocodex/?image=ALEPPO_CODEX_021r,,,021r
Judg 1:15–2:1,21v,42,https://barhama.com/aleppocodex/?image=ALEPPO_CODEX_021v,,,021v
Judg 2:1–2:22,22r,43,https://barhama.com/aleppocodex/?image=ALEPPO_CODEX_022r,,,022r
Judg 2:22–3:20,22v,44,https://barhama.com/aleppocodex/?image=ALEPPO_CODEX_022v,,,022v
Judg 3:20–4:10,23r,45,https://barhama.com/aleppocodex/?image=ALEPPO_CODEX_023r,,,023r
Judg 4:10–5:10,23v,46,https://barhama.com/aleppocodex/?image=ALEPPO_CODEX_023v,,,023v
Judg 5:10–5:25,24r,47,https://barhama.com/aleppocodex/?image=ALEPPO_CODEX_024r,,,024r
Judg 5:25–6:10,24v,48,https://barhama.com/aleppocodex/?image=ALEPPO_CODEX_024v,,,024v
Judg 6:11–6:30,25r,49,https://barhama.com/aleppocodex/?image=ALEPPO_CODEX_025r,,,025r
Judg 6:30–7:9,25v,50,https://barhama.com/aleppocodex/?image=ALEPPO_CODEX_025v,,,025v
Judg 7:9–8:2,26r,51,https://barhama.com/aleppocodex/?image=ALEPPO_CODEX_026r,,,026r
Judg 8:2–8:24,26v,52,https://barhama.com/aleppocodex/?image=ALEPPO_CODEX_026v,,,026v
Judg 8:25–9:12,27r,53,https://barhama.com/aleppocodex/?image=ALEPPO_CODEX_027r,,,027r
Judg 9:12–9:33,27v,54,https://barhama.com/aleppocodex/?image=ALEPPO_CODEX_027v,,,027v
Judg 9:33–9:56,28r,55,https://barhama.com/aleppocodex/?image=ALEPPO_CODEX_028r,,,028r
Judg 9:56–11:2,28v,56,https://barhama.com/aleppocodex/?image=ALEPPO_CODEX_028v,,,028v
Judg 11:2–11:22,29r,57,https://barhama.com/aleppocodex/?image=ALEPPO_CODEX_029r,,,029r
Judg 11:23–12:3,29v,58,https://barhama.com/aleppocodex/?image=ALEPPO_CODEX_029v,,,029v
Judg 12:3–13:9,30r,59,https://barhama.com/aleppocodex/?image=ALEPPO_CODEX_030r,,,030r
Judg 13:9–14:6,30v,60,https://barhama.com/aleppocodex/?image=ALEPPO_CODEX_030v,,,030v
Judg 14:6–15:6,31r,61,https://barhama.com/aleppocodex/?image=ALEPPO_CODEX_031r,,,031r
Judg 15:6–16:6,31v,62,https://barhama.com/aleppocodex/?image=ALEPPO_CODEX_031v,,,031v
Judg 16:6–16:25,32r,63,https://barhama.com/aleppocodex/?image=ALEPPO_CODEX_032r,,,032r
Judg 16:25–18:1,32v,64,https://barhama.com/aleppocodex/?image=ALEPPO_CODEX_032v,,,032v
Judg 18:1–18:20,33r,65,https://barhama.com/aleppocodex/?image=ALEPPO_CODEX_033r,,,033r
Judg 18:20–19:10,33v,66,https://barhama.com/aleppocodex/?image=ALEPPO_CODEX_033v,,,033v
Judg 19:10–19:30,34r,67,https://barhama.com/aleppocodex/?image=ALEPPO_CODEX_034r,,,034r
Judg 19:30–20:20,34v,68,https://barhama.com/aleppocodex/?image=ALEPPO_CODEX_034v,,,034v
Judg 20:20–20:40,35r,69,https://barhama.com/aleppocodex/?image=ALEPPO_CODEX_035r,,,035r
Judg 20:40–21:15,35v,70,https://barhama.com/aleppocodex/?image=ALEPPO_CODEX_035v,,,035v
Judg 21:15–1 Sam 1:13,36r,71,https://barhama.com/aleppocodex/?image=ALEPPO_CODEX_036r,,,036r
1 Sam 1:13–2:11,36v,72,https://barhama.com/aleppocodex/?image=ALEPPO_CODEX_036v,,,036v
1 Sam 2:11–2:33,37r,73,https://barhama.com/aleppocodex/?image=ALEPPO_CODEX_037r,,,037r
1 Sam 2:33–3:21,37v,74,https://barhama.com/aleppocodex/?image=ALEPPO_CODEX_037v,,,037v
1 Sam 3:21–4:19,38r,75,https://barhama.com/aleppocodex/?image=ALEPPO_CODEX_038r,,,038r
1 Sam 4:20–6:5,38v,76,https://barhama.com/aleppocodex/?image=ALEPPO_CODEX_038v,,,038v
1 Sam 6:5–7:1,39r,77,https://barhama.com/aleppocodex/?image=ALEPPO_CODEX_039r,,,039r
1 Sam 7:1–8:4,39v,78,https://barhama.com/aleppocodex/?image=ALEPPO_CODEX_039v,,,039v
1 Sam 8:4–9:6,40r,79,https://barhama.com/aleppocodex/?image=ALEPPO_CODEX_040r,,,040r
1 Sam 9:6–9:25,40v,80,https://barhama.com/aleppocodex/?image=ALEPPO_CODEX_040v,,,040v
1 Sam 9:25–10:18,41r,81,https://barhama.com/aleppocodex/?image=ALEPPO_CODEX_041r,,,041r
1 Sam 10:18–11:10,41v,82,https://barhama.com/aleppocodex/?image=ALEPPO_CODEX_041v,,,041v
1 Sam 11:11–12:15,42r,83,https://barhama.com/aleppocodex/?image=ALEPPO_CODEX_042r,,,042r
1 Sam 12:15–13:11,42v,84,https://barhama.com/aleppocodex/?image=ALEPPO_CODEX_042v,,,042v
1 Sam 13:11–14:9,43r,85,https://barhama.com/aleppocodex/?image=ALEPPO_CODEX_043r,,,043r
1 Sam 14:9–14:30,43v,86,https://barhama.com/aleppocodex/?image=ALEPPO_CODEX_043v,,,043v
1 Sam 14:30–14:52,44r,87,https://barhama.com/aleppocodex/?image=ALEPPO_CODEX_044r,,,044r
1 Sam 14:52–15:20,44v,88,https://barhama.com/aleppocodex/?image=ALEPPO_CODEX_044v,,,044v
1 Sam 15:20–16:7,45r,89,https://barhama.com/aleppocodex/?image=ALEPPO_CODEX_045r,,,045r
1 Sam 16:7–17:7,45v,90,https://barhama.com/aleppocodex/?image=ALEPPO_CODEX_045v,,,045v
1 Sam 17:7–17:27,46r,91,https://barhama.com/aleppocodex/?image=ALEPPO_CODEX_046r,,,046r
1 Sam 17:27–17:47,46v,92,https://barhama.com/aleppocodex/?image=ALEPPO_CODEX_046v,,,046v
1 Sam 17:47–18:12,47r,93,https://barhama.com/aleppocodex/?image=ALEPPO_CODEX_047r,,,047r
1 Sam 18:12–19:5,47v,94,https://barhama.com/aleppocodex/?image=ALEPPO_CODEX_047v,,,047v
1 Sam 19:5–20:2,48r,95,https://barhama.com/aleppocodex/?image=ALEPPO_CODEX_048r,,,048r
1 Sam 20:2–20:25,48v,96,https://barhama.com/aleppocodex/?image=ALEPPO_CODEX_048v,,,048v
1 Sam 20:25–21:3,49r,97,https://barhama.com/aleppocodex/?image=ALEPPO_CODEX_049r,,,049r
1 Sam 21:3–22:7,49v,98,https://barhama.com/aleppocodex/?image=ALEPPO_CODEX_049v,,,049v
1 Sam 22:7–23:5,50r,99,https://barhama.com/aleppocodex/?image=ALEPPO_CODEX_050r,,,050r
1 Sam 23:5–23:26,50v,100,https://barhama.com/aleppocodex/?image=ALEPPO_CODEX_050v,,,050v
1 Sam 23:27–24:19,51r,101,https://barhama.com/aleppocodex/?image=ALEPPO_CODEX_051r,,,051r
1 Sam 24:19–25:20,51v,102,https://barhama.com/aleppocodex/?image=ALEPPO_CODEX_051v,,,051v
1 Sam 25:20–25:40,52r,103,https://barhama.com/aleppocodex/?image=ALEPPO_CODEX_052r,,,052r
1 Sam 25:40–26:16,52v,104,https://barhama.com/aleppocodex/?image=ALEPPO_CODEX_052v,,,052v
1 Sam 26:16–27:12,53r,105,https://barhama.com/aleppocodex/?image=ALEPPO_CODEX_053r,,,053r
1 Sam 27:12–28:19,53v,106,https://barhama.com/aleppocodex/?image=ALEPPO_CODEX_053v,,,053v
1 Sam 28:19–30:1,54r,107,https://barhama.com/aleppocodex/?image=ALEPPO_CODEX_054r,,,054r
1 Sam 30:1–30:22,54v,108,https://barhama.com/aleppocodex/?image=ALEPPO_CODEX_054v,,,054v
1 Sam 30:22–31:12,55r,109,https://barhama.com/aleppocodex/?image=ALEPPO_CODEX_055r,,,055r
1 Sam 31:13–2 Sam 1:25,55v,110,https://barhama.com/aleppocodex/?image=ALEPPO_CODEX_055v,,,055v
2 Sam 1:26–2:21,56r,111,https://barhama.com/aleppocodex/?image=ALEPPO_CODEX_056r,,,056r
2 Sam 2:21–3:10,56v,112,https://barhama.com/aleppocodex/?image=ALEPPO_CODEX_056v,,,056v
2 Sam 3:11–3:31,57r,113,https://barhama.com/aleppocodex/?image=ALEPPO_CODEX_057r,,,057r
2 Sam 3:31–4:12,57v,114,https://barhama.com/aleppocodex/?image=ALEPPO_CODEX_057v,,,057v
2 Sam 4:12–5:23,58r,115,https://barhama.com/aleppocodex/?image=ALEPPO_CODEX_058r,,,058r
2 Sam 5:23–6:20,58v,116,https://barhama.com/aleppocodex/?image=ALEPPO_CODEX_058v,,,058v
2 Sam 6:20–7:19,59r,117,https://barhama.com/aleppocodex/?image=ALEPPO_CODEX_059r,,,059r
2 Sam 7:19–8:11,59v,118,https://barhama.com/aleppocodex/?image=ALEPPO_CODEX_059v,,,059v
2 Sam 8:11–10:2,60r,119,https://barhama.com/aleppocodex/?image=ALEPPO_CODEX_060r,,,060r
2 Sam 10:2–11:3,60v,120,https://barhama.com/aleppocodex/?image=ALEPPO_CODEX_060v,,,060v
2 Sam 11:3–11:25,61r,121,https://barhama.com/aleppocodex/?image=ALEPPO_CODEX_061r,,,061r
2 Sam 11:25–12:20,61v,122,https://barhama.com/aleppocodex/?image=ALEPPO_CODEX_061v,,,061v
2 Sam 12:20–13:12,62r,123,https://barhama.com/aleppocodex/?image=ALEPPO_CODEX_062r,,,062r
2 Sam 13:13–13:34,62v,124,https://barhama.com/aleppocodex/?image=ALEPPO_CODEX_062v,,,062v
2 Sam 13:34–14:18,63r,125,https://barhama.com/aleppocodex/?image=ALEPPO_CODEX_063r,,,063r
2 Sam 14:18–15:6,63v,126,https://barhama.com/aleppocodex/?image=ALEPPO_CODEX_063v,,,063v
2 Sam 15:6–15:27,64r,127,https://barhama.com/aleppocodex/?image=ALEPPO_CODEX_064r,,,064r
2 Sam 15:27–16:11,64v,128,https://barhama.com/aleppocodex/?image=ALEPPO_CODEX_064v,,,064v
2 Sam 16:11–17:11,65r,129,https://barhama.com/aleppocodex/?image=ALEPPO_CODEX_065r,,,065r
2 Sam 17:12–18:2,65v,130,https://barhama.com/aleppocodex/?image=ALEPPO_CODEX_065v,,,065v
2 Sam 18:2–18:22,66r,131,https://barhama.com/aleppocodex/?image=ALEPPO_CODEX_066r,,,066r
2 Sam 18:22–19:9,66v,132,https://barhama.com/aleppocodex/?image=ALEPPO_CODEX_066v,,,066v
2 Sam 19:9–19:29,67r,133,https://barhama.com/aleppocodex/?image=ALEPPO_CODEX_067r,,,067r
2 Sam 19:29–20:4,67v,134,https://barhama.com/aleppocodex/?image=ALEPPO_CODEX_067v,,,067v
2 Sam 20:4–20:26,68r,135,https://barhama.com/aleppocodex/?image=ALEPPO_CODEX_068r,,,068r
2 Sam 20:26–21:18,68v,136,https://barhama.com/aleppocodex/?image=ALEPPO_CODEX_068v,,,068v
2 Sam 21:18–22:23,69r,137,https://barhama.com/aleppocodex/?image=ALEPPO_CODEX_069r,,,069r
2 Sam 22:24–23:3,69v,138,https://barhama.com/aleppocodex/?image=ALEPPO_CODEX_069v,,,069v
2 Sam 23:3–23:28,70r,139,https://barhama.com/aleppocodex/?image=ALEPPO_CODEX_070r,,,070r
2 Sam 23:28–24:13,70v,140,https://barhama.com/aleppocodex/?image=ALEPPO_CODEX_070v,,,070v
2 Sam 24:14–1 Kgs 1:9,71r,141,https://barhama.com/aleppocodex/?image=ALEPPO_CODEX_071r,,,071r
1 Kgs 1:9–1:33,71v,142,https://barhama.com/aleppocodex/?image=ALEPPO_CODEX_071v,,,071v
1 Kgs 1:33–2:3,72r,143,https://barhama.com/aleppocodex/?image=ALEPPO_CODEX_072r,,,072r
1 Kgs 2:3–2:23,72v,144,https://barhama.com/aleppocodex/?image=ALEPPO_CODEX_072v,,,072v
1 Kgs 2:23–2:42,73r,145,https://barhama.com/aleppocodex/?image=ALEPPO_CODEX_073r,,,073r
1 Kgs 2:42–3:18,73v,146,https://barhama.com/aleppocodex/?image=ALEPPO_CODEX_073v,,,073v
1 Kgs 3:18–4:16,74r,147,https://barhama.com/aleppocodex/?image=ALEPPO_CODEX_074r,,,074r
1 Kgs 4:16–5:19,74v,148,https://barhama.com/aleppocodex/?image=ALEPPO_CODEX_074v,,,074v
1 Kgs 5:19–6:7,75r,149,https://barhama.com/aleppocodex/?image=ALEPPO_CODEX_075r,,,075r
1 Kgs 6:7–6:33,75v,150,https://barhama.com/aleppocodex/?image=ALEPPO_CODEX_075v,,,075v
1 Kgs 6:33–7:18,76r,151,https://barhama.com/aleppocodex/?image=ALEPPO_CODEX_076r,,,076r
1 Kgs 7:18–7:38,76v,152,https://barhama.com/aleppocodex/?image=ALEPPO_CODEX_076v,,,076v
1 Kgs 7:38–8:7,77r,153,https://barhama.com/aleppocodex/?image=ALEPPO_CODEX_077r,,,077r
1 Kgs 8:7–8:29,77v,154,https://barhama.com/aleppocodex/?image=ALEPPO_CODEX_077v,,,077v
1 Kgs 8:29–8:48,78r,155,https://barhama.com/aleppocodex/?image=ALEPPO_CODEX_078r,,,078r
1 Kgs 8:48–9:1,78v,156,https://barhama.com/aleppocodex/?image=ALEPPO_CODEX_078v,,,078v
1 Kgs 9:2–9:22,79r,157,https://barhama.com/aleppocodex/?image=ALEPPO_CODEX_079r,,,079r
1 Kgs 9:22–10:15,79v,158,https://barhama.com/aleppocodex/?image=ALEPPO_CODEX_079v,,,079v
1 Kgs 10:15–11:8,80r,159,https://barhama.com/aleppocodex/?image=ALEPPO_CODEX_080r,,,080r
1 Kgs 11:8–11:29,80v,160,https://barhama.com/aleppocodex/?image=ALEPPO_CODEX_080v,,,080v
1 Kgs 11:29–12:7,81r,161,https://barhama.com/aleppocodex/?image=ALEPPO_CODEX_081r,,,081r
1 Kgs 12:8–12:26,81v,162,https://barhama.com/aleppocodex/?image=ALEPPO_CODEX_081v,,,081v
1 Kgs 12:26–13:11,82r,163,https://barhama.com/aleppocodex/?image=ALEPPO_CODEX_082r,,,082r
1 Kgs 13:11–13:33,82v,164,https://barhama.com/aleppocodex/?image=ALEPPO_CODEX_082v,,,082v
1 Kgs 13:33–14:19,83r,165,https://barhama.com/aleppocodex/?image=ALEPPO_CODEX_083r,,,083r
1 Kgs 14:20–15:13,83v,166,https://barhama.com/aleppocodex/?image=ALEPPO_CODEX_083v,,,083v
1 Kgs 15:13–15:33,84r,167,https://barhama.com/aleppocodex/?image=ALEPPO_CODEX_084r,,,084r
1 Kgs 15:33–16:20,84v,168,https://barhama.com/aleppocodex/?image=ALEPPO_CODEX_084v,,,084v
1 Kgs 16:20–17:9,85r,169,https://barhama.com/aleppocodex/?image=ALEPPO_CODEX_085r,,,085r
1 Kgs 17:9–18:7,85v,170,https://barhama.com/aleppocodex/?image=ALEPPO_CODEX_085v,,,085v
1 Kgs 18:7–18:27,86r,171,https://barhama.com/aleppocodex/?image=ALEPPO_CODEX_086r,,,086r
1 Kgs 18:27–19:3,86v,172,https://barhama.com/aleppocodex/?image=ALEPPO_CODEX_086v,,,086v
1 Kgs 19:3–20:2,87r,173,https://barhama.com/aleppocodex/?image=ALEPPO_CODEX_087r,,,087r
1 Kgs 20:2–20:23,87v,174,https://barhama.com/aleppocodex/?image=ALEPPO_CODEX_087v,,,087v
1 Kgs 20:23–20:41,88r,175,https://barhama.com/aleppocodex/?image=ALEPPO_CODEX_088r,,,088r
1 Kgs 20:41–21:18,88v,176,https://barhama.com/aleppocodex/?image=ALEPPO_CODEX_088v,,,088v
1 Kgs 21:18–22:10,89r,177,https://barhama.com/aleppocodex/?image=ALEPPO_CODEX_089r,,,089r
1 Kgs 22:10–22:32,89v,178,https://barhama.com/aleppocodex/?image=ALEPPO_CODEX_089v,,,089v
1 Kgs 22:32–2 Kgs 1:3,90r,179,https://barhama.com/aleppocodex/?image=ALEPPO_CODEX_090r,,,090r
2 Kgs 1:3–1:18,90v,180,https://barhama.com/aleppocodex/?image=ALEPPO_CODEX_090v,,,090v
2 Kgs 2:1–2:19,91r,181,https://barhama.com/aleppocodex/?image=ALEPPO_CODEX_091r,,Missing from 263,091r
2 Kgs 2:19–3:14,91v,182,https://barhama.com/aleppocodex/?image=ALEPPO_CODEX_091v,,"Missing from 263, Bar Hama 1",091v
2 Kgs 3:14–4:8,92r,183,https://barhama.com/aleppocodex/?image=ALEPPO_CODEX_092r,,,092r
2 Kgs 4:8–4:33,92v,184,https://barhama.com/aleppocodex/?image=ALEPPO_CODEX_092v,,,092v
2 Kgs 4:33–5:11,93r,185,https://barhama.com/aleppocodex/?image=ALEPPO_CODEX_093r,,,093r
2 Kgs 5:11–6:5,93v,186,https://barhama.com/aleppocodex/?image=ALEPPO_CODEX_093v,,,093v
2 Kgs 6:5–6:28,94r,187,https://barhama.com/aleppocodex/?image=ALEPPO_CODEX_094r,,,094r
2 Kgs 6:28–7:12,94v,188,https://barhama.com/aleppocodex/?image=ALEPPO_CODEX_094v,,,094v
2 Kgs 7:12–8:9,95r,189,https://barhama.com/aleppocodex/?image=ALEPPO_CODEX_095r,,,095r
2 Kgs 8:9–9:1,95v,190,https://barhama.com/aleppocodex/?image=ALEPPO_CODEX_095v,,,095v
2 Kgs 9:1–9:21,96r,191,https://barhama.com/aleppocodex/?image=ALEPPO_CODEX_096r,,,096r
2 Kgs 9:21–10:5,96v,192,https://barhama.com/aleppocodex/?image=ALEPPO_CODEX_096v,,,096v
2 Kgs 10:5–10:23,97r,193,https://barhama.com/aleppocodex/?image=ALEPPO_CODEX_097r,,,097r
2 Kgs 10:23–11:8,97v,194,https://barhama.com/aleppocodex/?image=ALEPPO_CODEX_097v,,,097v
2 Kgs 11:8–12:8,98r,195,https://barhama.com/aleppocodex/?image=ALEPPO_CODEX_098r,,,098r
2 Kgs 12:8–13:6,98v,196,https://barhama.com/aleppocodex/?image=ALEPPO_CODEX_098v,,,098v
2 Kgs 13:6–14:1,99r,197,https://barhama.com/aleppocodex/?image=ALEPPO_CODEX_099r,,,099r
2 Kgs 14:1–14:21,99v,198,https://barhama.com/aleppocodex/?image=ALEPPO_CODEX_099v,After,,099v
2 Kgs 18:13–18:32,100r,199,https://barhama.com/aleppocodex/?image=ALEPPO_CODEX_100r,Before,,100r
2 Kgs 18:32–19:19,100v,200,https://barhama.com/aleppocodex/?image=ALEPPO_CODEX_100v,,,100v
2 Kgs 19:19–20:6,101r,201,https://barhama.com/aleppocodex/?image=ALEPPO_CODEX_101r,,,101r
2 Kgs 20:6–21:7,101v,202,https://barhama.com/aleppocodex/?image=ALEPPO_CODEX_101v,,,101v
2 Kgs 21:7–22:4,102r,203,https://barhama.com/aleppocodex/?image=ALEPPO_CODEX_102r,,,102r
2 Kgs 22:4–23:3,102v,204,https://barhama.com/aleppocodex/?image=ALEPPO_CODEX_102v,,,102v
2 Kgs 23:3–23:20,103r,205,https://barhama.com/aleppocodex/?image=ALEPPO_CODEX_103r,,,103r
2 Kgs 23:20–24:3,103v,206,https://barhama.com/aleppocodex/?image=ALEPPO_CODEX_103v,,,103v
2 Kgs 24:3–25:6,104r,207,https://barhama.com/aleppocodex/?image=ALEPPO_CODEX_104r,,,104r
2 Kgs 25:7–25:27,104v,208,https://barhama.com/aleppocodex/?image=ALEPPO_CODEX_104v,,,104v
2 Kgs 25:27–Isa 1:24,105r,209,https://barhama.com/aleppocodex/?image=ALEPPO_CODEX_105r,,,105r
Isa 1:25–3:4,105v,210,https://barhama.com/aleppocodex/?image=ALEPPO_CODEX_105v,,,105v
Isa 3:4–5:2,106r,211,https://barhama.com/aleppocodex/?image=ALEPPO_CODEX_106r,,,106r
Isa 5:2–5:29,106v,212,https://barhama.com/aleppocodex/?image=ALEPPO_CODEX_106v,,,106v
Isa 5:29–7:12,107r,213,https://barhama.com/aleppocodex/?image=ALEPPO_CODEX_107r,,,107r
Isa 7:12–8:14,107v,214,https://barhama.com/aleppocodex/?image=ALEPPO_CODEX_107v,,,107v
Isa 8:14–9:17,108r,215,https://barhama.com/aleppocodex/?image=ALEPPO_CODEX_108r,,,108r
Isa 9:17–10:24,108v,216,https://barhama.com/aleppocodex/?image=ALEPPO_CODEX_108v,,,108v
Isa 10:24–12:3,109r,217,https://barhama.com/aleppocodex/?image=ALEPPO_CODEX_109r,,,109r
Isa 12:3–14:4,109v,218,https://barhama.com/aleppocodex/?image=ALEPPO_CODEX_109v,,,109v
Isa 14:4–15:3,110r,219,https://barhama.com/aleppocodex/?image=ALEPPO_CODEX_110r,,,110r
Isa 15:3–17:7,110v,220,https://barhama.com/aleppocodex/?image=ALEPPO_CODEX_110v,,,110v
Isa 17:7–19:11,111r,221,https://barhama.com/aleppocodex/?image=ALEPPO_CODEX_111r,,,111r
Isa 19:11–21:3,111v,222,https://barhama.com/aleppocodex/?image=ALEPPO_CODEX_111v,,,111v
Isa 21:3–22:14,112r,223,https://barhama.com/aleppocodex/?image=ALEPPO_CODEX_112r,,,112r
Isa 22:14–23:17,112v,224,https://barhama.com/aleppocodex/?image=ALEPPO_CODEX_112v,,,112v
Isa 23:17–25:5,113r,225,https://barhama.com/aleppocodex/?image=ALEPPO_CODEX_113r,,,113r
Isa 25:5–26:21,113v,226,https://barhama.com/aleppocodex/?image=ALEPPO_CODEX_113v,,,113v
Isa 26:21–28:10,114r,227,https://barhama.com/aleppocodex/?image=ALEPPO_CODEX_114r,,,114r
Isa 28:10–29:8,114v,228,https://barhama.com/aleppocodex/?image=ALEPPO_CODEX_114v,,,114v
Isa 29:8–30:8,115r,229,https://barhama.com/aleppocodex/?image=ALEPPO_CODEX_115r,,,115r
Isa 30:8–30:30,115v,230,https://barhama.com/aleppocodex/?image=ALEPPO_CODEX_115v,,,115v
Isa 30:30–32:13,116r,231,https://barhama.com/aleppocodex/?image=ALEPPO_CODEX_116r,,,116r
Isa 32:13–33:23,116v,232,https://barhama.com/aleppocodex/?image=ALEPPO_CODEX_116v,,,116v
Isa 33:23–35:10,117r,233,https://barhama.com/aleppocodex/?image=ALEPPO_CODEX_117r,,,117r
Isa 35:10–36:18,117v,234,https://barhama.com/aleppocodex/?image=ALEPPO_CODEX_117v,,,117v
Isa 36:18–37:19,118r,235,https://barhama.com/aleppocodex/?image=ALEPPO_CODEX_118r,,,118r
Isa 37:19–38:3,118v,236,https://barhama.com/aleppocodex/?image=ALEPPO_CODEX_118v,,,118v
Isa 38:4–39:7,119r,237,https://barhama.com/aleppocodex/?image=ALEPPO_CODEX_119r,,,119r
Isa 39:7–40:26,119v,238,https://barhama.com/aleppocodex/?image=ALEPPO_CODEX_119v,,,119v
Isa 40:26–41:20,120r,239,https://barhama.com/aleppocodex/?image=ALEPPO_CODEX_120r,,,120r
Isa 41:20–42:16,120v,240,https://barhama.com/aleppocodex/?image=ALEPPO_CODEX_120v,,,120v
Isa 42:16–43:19,121r,241,https://barhama.com/aleppocodex/?image=ALEPPO_CODEX_121r,,,121r
Isa 43:19–44:16,121v,242,https://barhama.com/aleppocodex/?image=ALEPPO_CODEX_121v,,,121v
Isa 44:16–45:11,122r,243,https://barhama.com/aleppocodex/?image=ALEPPO_CODEX_122r,,,122r
Isa 45:11–46:10,122v,244,https://barhama.com/aleppocodex/?image=ALEPPO_CODEX_122v,,,122v
Isa 46:10–48:6,123r,245,https://barhama.com/aleppocodex/?image=ALEPPO_CODEX_123r,,,123r
Isa 48:6–49:7,123v,246,https://barhama.com/aleppocodex/?image=ALEPPO_CODEX_123v,,,123v
Isa 49:8–50:4,124r,247,https://barhama.com/aleppocodex/?image=ALEPPO_CODEX_124r,,,124r
Isa 50:4–51:15,124v,248,https://barhama.com/aleppocodex/?image=ALEPPO_CODEX_124v,,,124v
Isa 51:15–53:2,125r,249,https://barhama.com/aleppocodex/?image=ALEPPO_CODEX_125r,,,125r
Isa 53:2–54:14,125v,250,https://barhama.com/aleppocodex/?image=ALEPPO_CODEX_125v,,,125v
Isa 54:14–56:6,126r,251,https://barhama.com/aleppocodex/?image=ALEPPO_CODEX_126r,,,126r
Isa 56:6–57:19,126v,252,https://barhama.com/aleppocodex/?image=ALEPPO_CODEX_126v,,,126v
Isa 57:19–59:7,127r,253,https://barhama.com/aleppocodex/?image=ALEPPO_CODEX_127r,,,127r
Isa 59:7–60:10,127v,254,https://barhama.com/aleppocodex/?image=ALEPPO_CODEX_127v,,,127v
Isa 60:10–61:9,128r,255,https://barhama.com/aleppocodex/?image=ALEPPO_CODEX_128r,,,128r
Isa 61:9–63:9,128v,256,https://barhama.com/aleppocodex/?image=ALEPPO_CODEX_128v,,,128v
Isa 63:9–65:4,129r,257,https://barhama.com/aleppocodex/?image=ALEPPO_CODEX_129r,,,129r
Isa 65:4–65:25,129v,258,https://barhama.com/aleppocodex/?image=ALEPPO_CODEX_129v,,,129v
Isa 65:25–66:20,130r,259,https://barhama.com/aleppocodex/?image=ALEPPO_CODEX_130r,,,130r
Isa 66:20–Jer 1:17,130v,260,https://barhama.com/aleppocodex/?image=ALEPPO_CODEX_130v,,,130v
Jer 1:17–2:20,131r,261,https://barhama.com/aleppocodex/?image=ALEPPO_CODEX_131r,,,131r
Jer 2:20–3:5,131v,262,https://barhama.com/aleppocodex/?image=ALEPPO_CODEX_131v,,,131v
Jer 3:5–3:24,132r,263,https://barhama.com/aleppocodex/?image=ALEPPO_CODEX_132r,,,132r
Jer 3:24–4:20,132v,264,https://barhama.com/aleppocodex/?image=ALEPPO_CODEX_132v,,,132v
Jer 4:20–5:12,133r,265,https://barhama.com/aleppocodex/?image=ALEPPO_CODEX_133r,,,133r
Jer 5:12–6:4,133v,266,https://barhama.com/aleppocodex/?image=ALEPPO_CODEX_133v,,,133v
Jer 6:4–6:24,134r,267,https://barhama.com/aleppocodex/?image=ALEPPO_CODEX_134r,,,134r
Jer 6:24–7:15,134v,268,https://barhama.com/aleppocodex/?image=ALEPPO_CODEX_134v,,,134v
Jer 7:16–7:34,135r,269,https://barhama.com/aleppocodex/?image=ALEPPO_CODEX_135r,,,135r
Jer 7:34–8:18,135v,270,https://barhama.com/aleppocodex/?image=ALEPPO_CODEX_135v,,,135v
Jer 8:18–9:16,136r,271,https://barhama.com/aleppocodex/?image=ALEPPO_CODEX_136r,,,136r
Jer 9:16–10:12,136v,272,https://barhama.com/aleppocodex/?image=ALEPPO_CODEX_136v,,,136v
Jer 10:12–11:8,137r,273,https://barhama.com/aleppocodex/?image=ALEPPO_CODEX_137r,,,137r
Jer 11:8–12:4,137v,274,https://barhama.com/aleppocodex/?image=ALEPPO_CODEX_137v,,,137v
Jer 12:4–13:9,138r,275,https://barhama.com/aleppocodex/?image=ALEPPO_CODEX_138r,,,138r
Jer 13:9–14:2,138v,276,https://barhama.com/aleppocodex/?image=ALEPPO_CODEX_138v,,,138v
Jer 14:2–14:20,139r,277,https://barhama.com/aleppocodex/?image=ALEPPO_CODEX_139r,,,139r
Jer 14:20–15:19,139v,278,https://barhama.com/aleppocodex/?image=ALEPPO_CODEX_139v,,,139v
Jer 15:19–16:16,140r,279,https://barhama.com/aleppocodex/?image=ALEPPO_CODEX_140r,,,140r
Jer 16:16–17:19,140v,280,https://barhama.com/aleppocodex/?image=ALEPPO_CODEX_140v,,,140v
Jer 17:19–18:11,141r,281,https://barhama.com/aleppocodex/?image=ALEPPO_CODEX_141r,,,141r
Jer 18:11–19:7,141v,282,https://barhama.com/aleppocodex/?image=ALEPPO_CODEX_141v,,,141v
Jer 19:7–20:9,142r,283,https://barhama.com/aleppocodex/?image=ALEPPO_CODEX_142r,,,142r
Jer 20:9–21:12,142v,284,https://barhama.com/aleppocodex/?image=ALEPPO_CODEX_142v,,,142v
Jer 21:12–22:19,143r,285,https://barhama.com/aleppocodex/?image=ALEPPO_CODEX_143r,,,143r
Jer 22:19–23:8,143v,286,https://barhama.com/aleppocodex/?image=ALEPPO_CODEX_143v,,,143v
Jer 23:9–23:30,144r,287,https://barhama.com/aleppocodex/?image=ALEPPO_CODEX_144r,,,144r
Jer 23:30–24:9,144v,288,https://barhama.com/aleppocodex/?image=ALEPPO_CODEX_144v,,Missing from 263,144v
Jer 24:9–25:17,145r,289,https://barhama.com/aleppocodex/?image=ALEPPO_CODEX_145r,,Missing from 263,145r
Jer 25:17–26:1,145v,290,https://barhama.com/aleppocodex/?image=ALEPPO_CODEX_145v,,Missing from 263,145v
Jer 26:1–26:19,146r,291,https://barhama.com/aleppocodex/?image=ALEPPO_CODEX_146r,,Missing from 263,146r
Jer 26:19–27:12,146v,292,https://barhama.com/aleppocodex/?image=ALEPPO_CODEX_146v,,Missing from 263,146v
Jer 27:12–28:7,147r,293,https://barhama.com/aleppocodex/?image=ALEPPO_CODEX_147r,,Missing from 263,147r
Jer 28:7–29:9,147v,294,https://barhama.com/aleppocodex/?image=ALEPPO_CODEX_147v,After,Missing from 263,147v
Jer 31:35–32:14,148r,295,https://barhama.com/aleppocodex/?image=ALEPPO_CODEX_148r,Before,Missing from 263,148r
Jer 32:19–32:35,148v,296,https://barhama.com/aleppocodex/?image=ALEPPO_CODEX_148v,,Missing from 263,148v
Jer 32:35–33:10,149r,297,https://barhama.com/aleppocodex/?image=ALEPPO_CODEX_149r,,Missing from 263,149r
Jer 33:10–34:4,149v,298,https://barhama.com/aleppocodex/?image=ALEPPO_CODEX_149v,,Missing from 263,149v
Jer 34:4–34:22,150r,299,https://barhama.com/aleppocodex/?image=ALEPPO_CODEX_150r,,Missing from 263,150r
Jer 34:22–35:18,150v,300,https://barhama.com/aleppocodex/?image=ALEPPO_CODEX_150v,,Missing from 263,150v
Jer 35:18–36:16,151r,301,https://barhama.com/aleppocodex/?image=ALEPPO_CODEX_151r,,Missing from 263,151r
Jer 36:16–37:2,151v,302,https://barhama.com/aleppocodex/?image=ALEPPO_CODEX_151v,,Missing from 263,151v
Jer 37:2–38:2,152r,303,https://barhama.com/aleppocodex/?image=ALEPPO_CODEX_152r,,Missing from 263,152r
Jer 38:2–38:18,152v,304,https://barhama.com/aleppocodex/?image=ALEPPO_CODEX_152v,,Missing from 263,152v
Jer 38:18–39:9,153r,305,https://barhama.com/aleppocodex/?image=ALEPPO_CODEX_153r,,Missing from 263,153r
Jer 39:9–40:7,153v,306,https://barhama.com/aleppocodex/?image=ALEPPO_CODEX_153v,,Missing from 263,153v
Jer 40:7–41:6,154r,307,https://barhama.com/aleppocodex/?image=ALEPPO_CODEX_154r,,Missing from 263,154r
Jer 41:7–42:4,154v,308,https://barhama.com/aleppocodex/?image=ALEPPO_CODEX_154v,,Missing from 263,154v
Jer 42:4–43:1,155r,309,https://barhama.com/aleppocodex/?image=ALEPPO_CODEX_155r,,Missing from 263,155r
Jer 43:1–44:5,155v,310,https://barhama.com/aleppocodex/?image=ALEPPO_CODEX_155v,,Missing from 263,155v
Jer 44:5–44:20,156r,311,https://barhama.com/aleppocodex/?image=ALEPPO_CODEX_156r,,Missing from 263,156r
Jer 44:20–45:5,156v,312,https://barhama.com/aleppocodex/?image=ALEPPO_CODEX_156v,,Missing from 263,156v
Jer 45:5–46:25,157r,313,https://barhama.com/aleppocodex/?image=ALEPPO_CODEX_157r,,Missing from 263,157r
Jer 46:25–48:11,157v,314,https://barhama.com/aleppocodex/?image=ALEPPO_CODEX_157v,,Missing from 263,157v
Jer 48:11–48:40,158r,315,https://barhama.com/aleppocodex/?image=ALEPPO_CODEX_158r,,Missing from 263,158r
Jer 48:40–49:18,158v,316,https://barhama.com/aleppocodex/?image=ALEPPO_CODEX_158v,,Missing from 263,158v
Jer 49:18–49:39,159r,317,https://barhama.com/aleppocodex/?image=ALEPPO_CODEX_159r,,Missing from 263,159r
Jer 49:39–50:21,159v,318,https://barhama.com/aleppocodex/?image=ALEPPO_CODEX_159v,,Missing from 263,159v
Jer 50:21–50:45,160r,319,https://barhama.com/aleppocodex/?image=ALEPPO_CODEX_160r,,Missing from 263,160r
Jer 50:45–51:25,160v,320,https://barhama.com/aleppocodex/?image=ALEPPO_CODEX_160v,,Missing from 263,160v
Jer 51:25–51:49,161r,321,https://barhama.com/aleppocodex/?image=ALEPPO_CODEX_161r,,Missing from 263,161r
Jer 51:49–52:6,161v,322,https://barhama.com/aleppocodex/?image=ALEPPO_CODEX_161v,,Missing from 263,161v
Jer 52:6–52:25,162r,323,https://barhama.com/aleppocodex/?image=ALEPPO_CODEX_162r,,Missing from 263,162r
Jer 52:25–Ezek 1:13,162v,324,https://barhama.com/aleppocodex/?image=ALEPPO_CODEX_162v,,Missing from 263,162v
Ezek 1:13–2:8,163r,325,https://barhama.com/aleppocodex/?image=ALEPPO_CODEX_163r,,"Missing from 263, Bar Hama 1",163r
Ezek 2:8–3:21,163v,326,https://barhama.com/aleppocodex/?image=ALEPPO_CODEX_163v,,Missing from 263,163v
Ezek 3:21–4:14,164r,327,https://barhama.com/aleppocodex/?image=ALEPPO_CODEX_164r,,Missing from 263,164r
Ezek 4:14–5:16,164v,328,https://barhama.com/aleppocodex/?image=ALEPPO_CODEX_164v,,Missing from 263,164v
Ezek 5:16–7:8,165r,329,https://barhama.com/aleppocodex/?image=ALEPPO_CODEX_165r,,Missing from 263,165r
Ezek 7:8–8:4,165v,330,https://barhama.com/aleppocodex/?image=ALEPPO_CODEX_165v,,Missing from 263,165v
Ezek 8:4–9:4,166r,331,https://barhama.com/aleppocodex/?image=ALEPPO_CODEX_166r,,Missing from 263,166r
Ezek 9:4–10:14,166v,332,https://barhama.com/aleppocodex/?image=ALEPPO_CODEX_166v,,Missing from 263,166v
Ezek 10:14–11:15,167r,333,https://barhama.com/aleppocodex/?image=ALEPPO_CODEX_167r,,Missing from 263,167r
Ezek 11:15–12:12,167v,334,https://barhama.com/aleppocodex/?image=ALEPPO_CODEX_167v,,Missing from 263,167v
Ezek 12:12–13:9,168r,335,https://barhama.com/aleppocodex/?image=ALEPPO_CODEX_168r,,Missing from 263,168r
Ezek 13:9–14:6,168v,336,https://barhama.com/aleppocodex/?image=ALEPPO_CODEX_168v,,Missing from 263,168v
Ezek 14:6–15:4,169r,337,https://barhama.com/aleppocodex/?image=ALEPPO_CODEX_169r,,Missing from 263,169r
Ezek 15:4–16:24,169v,338,https://barhama.com/aleppocodex/?image=ALEPPO_CODEX_169v,,Missing from 263,169v
Ezek 16:24–16:50,170r,339,https://barhama.com/aleppocodex/?image=ALEPPO_CODEX_170r,,Missing from 263,170r
Ezek 16:50–17:13,170v,340,https://barhama.com/aleppocodex/?image=ALEPPO_CODEX_170v,,Missing from 263,170v
Ezek 17:13–18:15,171r,341,https://barhama.com/aleppocodex/?image=ALEPPO_CODEX_171r,,Missing from 263,171r
Ezek 18:15–19:9,171v,342,https://barhama.com/aleppocodex/?image=ALEPPO_CODEX_171v,,Missing from 263,171v
Ezek 19:9–20:19,172r,343,https://barhama.com/aleppocodex/?image=ALEPPO_CODEX_172r,,Missing from 263,172r
Ezek 20:19–20:40,172v,344,https://barhama.com/aleppocodex/?image=ALEPPO_CODEX_172v,,Missing from 263,172v
Ezek 20:40–21:19,173r,345,https://barhama.com/aleppocodex/?image=ALEPPO_CODEX_173r,,Missing from 263,173r
Ezek 21:20–22:7,173v,346,https://barhama.com/aleppocodex/?image=ALEPPO_CODEX_173v,,Missing from 263,173v
Ezek 22:7–23:4,174r,347,https://barhama.com/aleppocodex/?image=ALEPPO_CODEX_174r,,Missing from 263,174r
Ezek 23:4–23:30,174v,348,https://barhama.com/aleppocodex/?image=ALEPPO_CODEX_174v,,Missing from 263,174v
Ezek 23:30–24:7,175r,349,https://barhama.com/aleppocodex/?image=ALEPPO_CODEX_175r,,Missing from 263,175r
Ezek 24:7–25:4,175v,350,https://barhama.com/aleppocodex/?image=ALEPPO_CODEX_175v,,Missing from 263,175v
Ezek 25:4–26:11,176r,351,https://barhama.com/aleppocodex/?image=ALEPPO_CODEX_176r,,Missing from 263,176r
Ezek 26:11–27:17,176v,352,https://barhama.com/aleppocodex/?image=ALEPPO_CODEX_176v,,Missing from 263,176v
Ezek 27:17–28:13,177r,353,https://barhama.com/aleppocodex/?image=ALEPPO_CODEX_177r,,Missing from 263,177r
Ezek 28:13–29:10,177v,354,https://barhama.com/aleppocodex/?image=ALEPPO_CODEX_177v,,Missing from 263,177v
Ezek 29:10–30:12,178r,355,https://barhama.com/aleppocodex/?image=ALEPPO_CODEX_178r,,Missing from 263,178r
Ezek 30:12–31:9,178v,356,https://barhama.com/aleppocodex/?image=ALEPPO_CODEX_178v,,Missing from 263,178v
Ezek 31:9–32:12,179r,357,https://barhama.com/aleppocodex/?image=ALEPPO_CODEX_179r,,Missing from 263,179r
Ezek 32:12–33:2,179v,358,https://barhama.com/aleppocodex/?image=ALEPPO_CODEX_179v,,Missing from 263,179v
Ezek 33:2–33:25,180r,359,https://barhama.com/aleppocodex/?image=ALEPPO_CODEX_180r,,Missing from 263,180r
Ezek 33:25–34:13,180v,360,https://barhama.com/aleppocodex/?image=ALEPPO_CODEX_180v,,Missing from 263,180v
Ezek 34:13–35:9,181r,361,https://barhama.com/aleppocodex/?image=ALEPPO_CODEX_181r,,Missing from 263,181r
Ezek 35:9–36:15,181v,362,https://barhama.com/aleppocodex/?image=ALEPPO_CODEX_181v,,Missing from 263,181v
Ezek 36:15–36:37,182r,363,https://barhama.com/aleppocodex/?image=ALEPPO_CODEX_182r,,Missing from 263,182r
Ezek 36:38–37:22,182v,364,https://barhama.com/aleppocodex/?image=ALEPPO_CODEX_182v,,Missing from 263,182v
Ezek 37:22–38:16,183r,365,https://barhama.com/aleppocodex/?image=ALEPPO_CODEX_183r,,Missing from 263,183r
Ezek 38:16–39:15,183v,366,https://barhama.com/aleppocodex/?image=ALEPPO_CODEX_183v,,Missing from 263,183v
Ezek 39:15–40:7,184r,367,https://barhama.com/aleppocodex/?image=ALEPPO_CODEX_184r,,Missing from 263; interchanged with p. 377 in 262,184r
Ezek 40:8–40:33,184v,368,https://barhama.com/aleppocodex/?image=ALEPPO_CODEX_184v,,Missing from 263; interchanged with p. 378 in 262,184v
Ezek 40:33–41:6,185r,369,https://barhama.com/aleppocodex/?image=ALEPPO_CODEX_185r,,Missing from 263,185r
Ezek 41:6–42:3,185v,370,https://barhama.com/aleppocodex/?image=ALEPPO_CODEX_185v,,Missing from 263,185v
Ezek 42:3–43:7,186r,371,https://barhama.com/aleppocodex/?image=ALEPPO_CODEX_186r,,Missing from 263,186r
Ezek 43:7–43:27,186v,372,https://barhama.com/aleppocodex/?image=ALEPPO_CODEX_186v,,Missing from 263,186v
Ezek 43:27–44:19,187r,373,https://barhama.com/aleppocodex/?image=ALEPPO_CODEX_187r,,Missing from 263,187r
Ezek 44:19–45:8,187v,374,https://barhama.com/aleppocodex/?image=ALEPPO_CODEX_187v,,Missing from 263,187v
Ezek 45:8–46:3,188r,375,https://barhama.com/aleppocodex/?image=ALEPPO_CODEX_188r,,"Missing from 263, Bar Hama 1",188r
Ezek 46:3–46:23,188v,376,https://barhama.com/aleppocodex/?image=ALEPPO_CODEX_188v,,"Missing from 263, Bar Hama 1",188v
Ezek 46:24–47:22,189r,377,https://barhama.com/aleppocodex/?image=ALEPPO_CODEX_189r,,"Missing from 263, Bar Hama 1; interchanged with p. 367 in 262",189r
Ezek 47:22–48:20,189v,378,https://barhama.com/aleppocodex/?image=ALEPPO_CODEX_189v,,"Missing from 263, Bar Hama 1; interchanged with p. 368 in 262",189v
Ezek 48:20–Hos 1:6,190r,379,https://barhama.com/aleppocodex/?image=ALEPPO_CODEX_190r,,Missing from 263,190r
Hos 1:6–2:20,190v,380,https://barhama.com/aleppocodex/?image=ALEPPO_CODEX_190v,,Missing from 263,190v
Hos 2:20–4:16,191r,381,https://barhama.com/aleppocodex/?image=ALEPPO_CODEX_191r,,Missing from 263,191r
Hos 4:16–7:2,191v,382,https://barhama.com/aleppocodex/?image=ALEPPO_CODEX_191v,,Missing from 263,191v
Hos 7:2–9:3,192r,383,https://barhama.com/aleppocodex/?image=ALEPPO_CODEX_192r,,Missing from 263,192r
Hos 9:3–10:11,192v,384,https://barhama.com/aleppocodex/?image=ALEPPO_CODEX_192v,,Missing from 263,192v
Hos 10:11–12:15,193r,385,https://barhama.com/aleppocodex/?image=ALEPPO_CODEX_193r,,Missing from 263,193r
Hos 12:15–Joel 1:4,193v,386,https://barhama.com/aleppocodex/?image=ALEPPO_CODEX_193v,,Missing from 263,193v
Joel 1:4–2:10,194r,387,https://barhama.com/aleppocodex/?image=ALEPPO_CODEX_194r,,Missing from 263,194r
Joel 2:10–4:1,194v,388,https://barhama.com/aleppocodex/?image=ALEPPO_CODEX_194v,,Missing from 263,194v
Joel 4:1–Amos 1:3,195r,389,https://barhama.com/aleppocodex/?image=ALEPPO_CODEX_195r,,Missing from 263,195r
Amos 1:4–2:10,195v,390,https://barhama.com/aleppocodex/?image=ALEPPO_CODEX_195v,,Missing from 263,195v
Amos 2:10–4:6,196r,391,https://barhama.com/aleppocodex/?image=ALEPPO_CODEX_196r,,Missing from 263,196r
Amos 4:6–5:19,196v,392,https://barhama.com/aleppocodex/?image=ALEPPO_CODEX_196v,,Missing from 263,196v
Amos 5:19–7:7,197r,393,https://barhama.com/aleppocodex/?image=ALEPPO_CODEX_197r,,"Missing from 263, Bar Hama 1",197r
Amos 7:8–8:12,197v,394,https://barhama.com/aleppocodex/?image=ALEPPO_CODEX_197v,After,"Missing from 263, Bar Hama 1",197v
Mic 5:1–6:14,198r,395,https://barhama.com/aleppocodex/?image=ALEPPO_CODEX_198r,Before,Missing from 263,198r
Mic 6:14–Nah 1:4,198v,396,https://barhama.com/aleppocodex/?image=ALEPPO_CODEX_198v,,Missing from 263,198v
Nah 1:4–3:4,199r,397,https://barhama.com/aleppocodex/?image=ALEPPO_CODEX_199r,,Missing from 263,199r
Nah 3:4–Hab 1:12,199v,398,https://barhama.com/aleppocodex/?image=ALEPPO_CODEX_199v,,Missing from 263,199v
Hab 1:12–3:1,200r,399,https://barhama.com/aleppocodex/?image=ALEPPO_CODEX_200r,,Missing from 263,200r
Hab 3:1–Zeph 1:8,200v,400,https://barhama.com/aleppocodex/?image=ALEPPO_CODEX_200v,,Missing from 263,200v
Zeph 1:8–2:13,201r,401,https://barhama.com/aleppocodex/?image=ALEPPO_CODEX_201r,,,201r
Zeph 2:13–3:20,201v,402,https://barhama.com/aleppocodex/?image=ALEPPO_CODEX_201v,After,,201v
Zech 9:17–11:13,202r,403,https://barhama.com/aleppocodex/?image=ALEPPO_CODEX_202r,Before,,202r
Zech 11:13–13:2,202v,404,https://barhama.com/aleppocodex/?image=ALEPPO_CODEX_202v,,,202v
Zech 13:2–14:13,203r,405,https://barhama.com/aleppocodex/?image=ALEPPO_CODEX_203r,,,203r
Zech 14:13–Mal 1:12,203v,406,https://barhama.com/aleppocodex/?image=ALEPPO_CODEX_203v,,,203v
Mal 1:12–3:2,204r,407,https://barhama.com/aleppocodex/?image=ALEPPO_CODEX_204r,,,204r
Mal 3:2–3:24,204v,408,https://barhama.com/aleppocodex/?image=ALEPPO_CODEX_204v,,,204v
Mal 3:24–3:24,205r,409,https://barhama.com/aleppocodex/?image=ALEPPO_CODEX_205r,,,205r
1 Chron 1:1–1:45,205v,410,https://barhama.com/aleppocodex/?image=ALEPPO_CODEX_205v,,,205v
1 Chron 1:45–2:26,206r,411,https://barhama.com/aleppocodex/?image=ALEPPO_CODEX_206r,,,206r
1 Chron 2:26–3:4,206v,412,https://barhama.com/aleppocodex/?image=ALEPPO_CODEX_206v,,,206v
1 Chron 3:5–4:16,207r,413,https://barhama.com/aleppocodex/?image=ALEPPO_CODEX_207r,,,207r
1 Chron 4:16–5:2,207v,414,https://barhama.com/aleppocodex/?image=ALEPPO_CODEX_207v,,,207v
1 Chron 5:3–5:29,208r,415,https://barhama.com/aleppocodex/?image=ALEPPO_CODEX_208r,,,208r
1 Chron 5:29–6:30,208v,416,https://barhama.com/aleppocodex/?image=ALEPPO_CODEX_208v,,,208v
1 Chron 6:30–6:58,209r,417,https://barhama.com/aleppocodex/?image=ALEPPO_CODEX_209r,,,209r
1 Chron 6:58–7:18,209v,418,https://barhama.com/aleppocodex/?image=ALEPPO_CODEX_209v,,,209v
1 Chron 7:18–8:16,210r,419,https://barhama.com/aleppocodex/?image=ALEPPO_CODEX_210r,,,210r
1 Chron 8:16–9:13,210v,420,https://barhama.com/aleppocodex/?image=ALEPPO_CODEX_210v,,,210v
1 Chron 9:13–10:1,211r,421,https://barhama.com/aleppocodex/?image=ALEPPO_CODEX_211r,,,211r
1 Chron 10:1–11:11,211v,422,https://barhama.com/aleppocodex/?image=ALEPPO_CODEX_211v,,,211v
1 Chron 11:11–11:40,212r,423,https://barhama.com/aleppocodex/?image=ALEPPO_CODEX_212r,,,212r
1 Chron 11:40–12:21,212v,424,https://barhama.com/aleppocodex/?image=ALEPPO_CODEX_212v,,,212v
1 Chron 12:21–13:4,213r,425,https://barhama.com/aleppocodex/?image=ALEPPO_CODEX_213r,,,213r
1 Chron 13:4–14:16,213v,426,https://barhama.com/aleppocodex/?image=ALEPPO_CODEX_213v,,,213v
1 Chron 14:16–15:26,214r,427,https://barhama.com/aleppocodex/?image=ALEPPO_CODEX_214r,,,214r
1 Chron 15:26–16:28,214v,428,https://barhama.com/aleppocodex/?image=ALEPPO_CODEX_214v,,,214v
1 Chron 16:29–17:11,215r,429,https://barhama.com/aleppocodex/?image=ALEPPO_CODEX_215r,,,215r
1 Chron 17:11–18:9,215v,430,https://barhama.com/aleppocodex/?image=ALEPPO_CODEX_215v,,,215v
1 Chron 18:9–19:15,216r,431,https://barhama.com/aleppocodex/?image=ALEPPO_CODEX_216r,,,216r
1 Chron 19:15–21:8,216v,432,https://barhama.com/aleppocodex/?image=ALEPPO_CODEX_216v,,,216v
1 Chron 21:8–21:29,217r,433,https://barhama.com/aleppocodex/?image=ALEPPO_CODEX_217r,,,217r
1 Chron 21:30–23:1,217v,434,https://barhama.com/aleppocodex/?image=ALEPPO_CODEX_217v,,,217v
1 Chron 23:1–23:32,218r,435,https://barhama.com/aleppocodex/?image=ALEPPO_CODEX_218r,,,218r
1 Chron 23:32–24:31,218v,436,https://barhama.com/aleppocodex/?image=ALEPPO_CODEX_218v,,,218v
1 Chron 24:31–25:28,219r,437,https://barhama.com/aleppocodex/?image=ALEPPO_CODEX_219r,,,219r
1 Chron 25:28–26:27,219v,438,https://barhama.com/aleppocodex/?image=ALEPPO_CODEX_219v,,,219v
1 Chron 26:27–27:14,220r,439,https://barhama.com/aleppocodex/?image=ALEPPO_CODEX_220r,,,220r
1 Chron 27:14–28:3,220v,440,https://barhama.com/aleppocodex/?image=ALEPPO_CODEX_220v,,,220v
1 Chron 28:3–28:21,221r,441,https://barhama.com/aleppocodex/?image=ALEPPO_CODEX_221r,,,221r
1 Chron 28:21–29:20,221v,442,https://barhama.com/aleppocodex/?image=ALEPPO_CODEX_221v,,,221v
1 Chron 29:20–2 Chron 1:11,222r,443,https://barhama.com/aleppocodex/?image=ALEPPO_CODEX_222r,,,222r
2 Chron 1:11–2:11,222v,444,https://barhama.com/aleppocodex/?image=ALEPPO_CODEX_222v,,,222v
2 Chron 2:11–3:13,223r,445,https://barhama.com/aleppocodex/?image=ALEPPO_CODEX_223r,,,223r
2 Chron 3:13–4:16,223v,446,https://barhama.com/aleppocodex/?image=ALEPPO_CODEX_223v,,,223v
2 Chron 4:16–5:13,224r,447,https://barhama.com/aleppocodex/?image=ALEPPO_CODEX_224r,,,224r
2 Chron 5:14–6:20,224v,448,https://barhama.com/aleppocodex/?image=ALEPPO_CODEX_224v,,,224v
2 Chron 6:20–6:35,225r,449,https://barhama.com/aleppocodex/?image=ALEPPO_CODEX_225r,,,225r
2 Chron 6:35–7:11,225v,450,https://barhama.com/aleppocodex/?image=ALEPPO_CODEX_225v,,,225v
2 Chron 7:11–8:9,226r,451,https://barhama.com/aleppocodex/?image=ALEPPO_CODEX_226r,,,226r
2 Chron 8:10–9:9,226v,452,https://barhama.com/aleppocodex/?image=ALEPPO_CODEX_226v,,,226v
2 Chron 9:9–9:29,227r,453,https://barhama.com/aleppocodex/?image=ALEPPO_CODEX_227r,,,227r
2 Chron 9:29–10:18,227v,454,https://barhama.com/aleppocodex/?image=ALEPPO_CODEX_227v,,,227v
2 Chron 10:18–12:2,228r,455,https://barhama.com/aleppocodex/?image=ALEPPO_CODEX_228r,,,228r
2 Chron 12:2–13:6,228v,456,https://barhama.com/aleppocodex/?image=ALEPPO_CODEX_228v,,,228v
2 Chron 13:6–14:4,229r,457,https://barhama.com/aleppocodex/?image=ALEPPO_CODEX_229r,,,229r
2 Chron 14:4–15:11,229v,458,https://barhama.com/aleppocodex/?image=ALEPPO_CODEX_229v,,,229v
2 Chron 15:11–16:12,230r,459,https://barhama.com/aleppocodex/?image=ALEPPO_CODEX_230r,,,230r
2 Chron 16:12–18:2,230v,460,https://barhama.com/aleppocodex/?image=ALEPPO_CODEX_230v,,,230v
2 Chron 18:2–18:22,231r,461,https://barhama.com/aleppocodex/?image=ALEPPO_CODEX_231r,,,231r
2 Chron 18:22–19:10,231v,462,https://barhama.com/aleppocodex/?image=ALEPPO_CODEX_231v,,,231v
2 Chron 19:10–20:19,232r,463,https://barhama.com/aleppocodex/?image=ALEPPO_CODEX_232r,,,232r
2 Chron 20:19–21:3,232v,464,https://barhama.com/aleppocodex/?image=ALEPPO_CODEX_232v,,,232v
2 Chron 21:3–22:3,233r,465,https://barhama.com/aleppocodex/?image=ALEPPO_CODEX_233r,,,233r
2 Chron 22:3–23:8,233v,466,https://barhama.com/aleppocodex/?image=ALEPPO_CODEX_233v,,,233v
2 Chron 23:8–24:6,234r,467,https://barhama.com/aleppocodex/?image=ALEPPO_CODEX_234r,,,234r
2 Chron 24:6–24:25,234v,468,https://barhama.com/aleppocodex/?image=ALEPPO_CODEX_234v,,,234v
2 Chron 24:25–25:16,235r,469,https://barhama.com/aleppocodex/?image=ALEPPO_CODEX_235r,,,235r
2 Chron 25:16–26:7,235v,470,https://barhama.com/aleppocodex/?image=ALEPPO_CODEX_235v,,,235v
2 Chron 26:8–27:5,236r,471,https://barhama.com/aleppocodex/?image=ALEPPO_CODEX_236r,,,236r
2 Chron 27:5–28:15,236v,472,https://barhama.com/aleppocodex/?image=ALEPPO_CODEX_236v,,,236v
2 Chron 28:15–29:10,237r,473,https://barhama.com/aleppocodex/?image=ALEPPO_CODEX_237r,,,237r
2 Chron 29:10–29:28,237v,474,https://barhama.com/aleppocodex/?image=ALEPPO_CODEX_237v,,,237v
2 Chron 29:28–30:12,238r,475,https://barhama.com/aleppocodex/?image=ALEPPO_CODEX_238r,,,238r
2 Chron 30:12–31:2,238v,476,https://barhama.com/aleppocodex/?image=ALEPPO_CODEX_238v,,,238v
2 Chron 31:2–32:1,239r,477,https://barhama.com/aleppocodex/?image=ALEPPO_CODEX_239r,,,239r
2 Chron 32:1–32:21,239v,478,https://barhama.com/aleppocodex/?image=ALEPPO_CODEX_239v,,,239v
2 Chron 32:21–33:8,240r,479,https://barhama.com/aleppocodex/?image=ALEPPO_CODEX_240r,,,240r
2 Chron 33:8–34:4,240v,480,https://barhama.com/aleppocodex/?image=ALEPPO_CODEX_240v,,,240v
2 Chron 34:4–34:22,241r,481,https://barhama.com/aleppocodex/?image=ALEPPO_CODEX_241r,,,241r
2 Chron 34:22–35:7,241v,482,https://barhama.com/aleppocodex/?image=ALEPPO_CODEX_241v,,,241v
2 Chron 35:7–35:25,241ar,483,,,,
2 Chron 35:25–36:19,241av,484,,,,
2 Chron 36:19–Ps 4:5,242r,485,https://barhama.com/aleppocodex/?image=ALEPPO_CODEX_242r,,,242r
Ps 4:6–7:18,242v,486,https://barhama.com/aleppocodex/?image=ALEPPO_CODEX_242v,,,242v
Ps 8:1–10:14,243r,487,https://barhama.com/aleppocodex/?image=ALEPPO_CODEX_243r,,,243r
Ps 10:14–14:7,243v,488,https://barhama.com/aleppocodex/?image=ALEPPO_CODEX_243v,After,,243v
Ps 25:2–27:11,244r,489,https://barhama.com/aleppocodex/?image=ALEPPO_CODEX_244r,Before,,244r
Ps 27:11–31:5,244v,490,https://barhama.com/aleppocodex/?image=ALEPPO_CODEX_244v,,,244v
Ps 31:6–33:12,245r,491,https://barhama.com/aleppocodex/?image=ALEPPO_CODEX_245r,,,245r
Ps 33:12–35:15,245v,492,https://barhama.com/aleppocodex/?image=ALEPPO_CODEX_245v,,,245v
Ps 35:16–37:19,246r,493,https://barhama.com/aleppocodex/?image=ALEPPO_CODEX_246r,,,246r
Ps 37:20–39:5,246v,494,https://barhama.com/aleppocodex/?image=ALEPPO_CODEX_246v,,,246v
Ps 39:5–41:9,247r,495,https://barhama.com/aleppocodex/?image=ALEPPO_CODEX_247r,,,247r
Ps 41:9–44:10,247v,496,https://barhama.com/aleppocodex/?image=ALEPPO_CODEX_247v,,,247v
Ps 44:11–46:8,248r,497,https://barhama.com/aleppocodex/?image=ALEPPO_CODEX_248r,,,248r
Ps 46:9–49:15,248v,498,https://barhama.com/aleppocodex/?image=ALEPPO_CODEX_248v,,,248v
Ps 49:15–51:14,249r,499,https://barhama.com/aleppocodex/?image=ALEPPO_CODEX_249r,,,249r
Ps 51:14–55:6,249v,500,https://barhama.com/aleppocodex/?image=ALEPPO_CODEX_249v,,,249v
Ps 55:6–57:7,250r,501,https://barhama.com/aleppocodex/?image=ALEPPO_CODEX_250r,,,250r
Ps 57:7–60:3,250v,502,https://barhama.com/aleppocodex/?image=ALEPPO_CODEX_250v,,,250v
Ps 60:4–63:6,251r,503,https://barhama.com/aleppocodex/?image=ALEPPO_CODEX_251r,,,251r
Ps 63:7–66:7,251v,504,https://barhama.com/aleppocodex/?image=ALEPPO_CODEX_251v,,,251v
Ps 66:7–68:19,252r,505,https://barhama.com/aleppocodex/?image=ALEPPO_CODEX_252r,,,252r
Ps 68:19–69:19,252v,506,https://barhama.com/aleppocodex/?image=ALEPPO_CODEX_252v,,,252v
Ps 69:19–71:17,253r,507,https://barhama.com/aleppocodex/?image=ALEPPO_CODEX_253r,,,253r
Ps 71:18–73:10,253v,508,https://barhama.com/aleppocodex/?image=ALEPPO_CODEX_253v,,,253v
Ps 73:11–74:22,254r,509,https://barhama.com/aleppocodex/?image=ALEPPO_CODEX_254r,,,254r
Ps 74:23–77:16,254v,510,https://barhama.com/aleppocodex/?image=ALEPPO_CODEX_254v,,,254v
Ps 77:17–78:38,255r,511,https://barhama.com/aleppocodex/?image=ALEPPO_CODEX_255r,,,255r
Ps 78:38–79:7,255v,512,https://barhama.com/aleppocodex/?image=ALEPPO_CODEX_255v,,,255v
Ps 79:7–81:14,256r,513,https://barhama.com/aleppocodex/?image=ALEPPO_CODEX_256r,,,256r
Ps 81:15–84:11,256v,514,https://barhama.com/aleppocodex/?image=ALEPPO_CODEX_256v,,,256v
Ps 84:11–87:6,257r,515,https://barhama.com/aleppocodex/?image=ALEPPO_CODEX_257r,,,257r
Ps 87:7–89:22,257v,516,https://barhama.com/aleppocodex/?image=ALEPPO_CODEX_257v,,,257v
Ps 89:22–90:15,258r,517,https://barhama.com/aleppocodex/?image=ALEPPO_CODEX_258r,,,258r
Ps 90:15–94:5,258v,518,https://barhama.com/aleppocodex/?image=ALEPPO_CODEX_258v,,,258v
Ps 94:6–97:2,259r,519,https://barhama.com/aleppocodex/?image=ALEPPO_CODEX_259r,,,259r
Ps 97:3–101:2,259v,520,https://barhama.com/aleppocodex/?image=ALEPPO_CODEX_259v,,,259v
Ps 101:3–103:9,260r,521,https://barhama.com/aleppocodex/?image=ALEPPO_CODEX_260r,,,260r
Ps 103:9–104:29,260v,522,https://barhama.com/aleppocodex/?image=ALEPPO_CODEX_260v,,,260v
Ps 104:29–105:44,261r,523,https://barhama.com/aleppocodex/?image=ALEPPO_CODEX_261r,,,261r
Ps 105:45–106:45,261v,524,https://barhama.com/aleppocodex/?image=ALEPPO_CODEX_261v,,,261v
Ps 106:46–107:41,262r,525,https://barhama.com/aleppocodex/?image=ALEPPO_CODEX_262r,,,262r
Ps 107:42–109:30,262v,526,https://barhama.com/aleppocodex/?image=ALEPPO_CODEX_262v,,,262v
Ps 109:30–114:1,263r,527,https://barhama.com/aleppocodex/?image=ALEPPO_CODEX_263r,,,263r
Ps 114:2–118:1,263v,528,https://barhama.com/aleppocodex/?image=ALEPPO_CODEX_263v,,,263v
Ps 118:2–119:23,264r,529,https://barhama.com/aleppocodex/?image=ALEPPO_CODEX_264r,,,264r
Ps 119:24–119:72,264v,530,https://barhama.com/aleppocodex/?image=ALEPPO_CODEX_264v,,,264v
Ps 119:73–119:121,265r,531,https://barhama.com/aleppocodex/?image=ALEPPO_CODEX_265r,,,265r
Ps 119:122–119:170,265v,532,https://barhama.com/aleppocodex/?image=ALEPPO_CODEX_265v,,,265v
Ps 119:171–124:5,266r,533,https://barhama.com/aleppocodex/?image=ALEPPO_CODEX_266r,,,266r
Ps 124:6–130:1,266v,534,https://barhama.com/aleppocodex/?image=ALEPPO_CODEX_266v,,,266v
Ps 130:1–135:2,267r,535,https://barhama.com/aleppocodex/?image=ALEPPO_CODEX_267r,,,267r
Ps 135:3–137:4,267v,536,https://barhama.com/aleppocodex/?image=ALEPPO_CODEX_267v,,,267v
Ps 137:4–140:3,268r,537,https://barhama.com/aleppocodex/?image=ALEPPO_CODEX_268r,,,268r
Ps 140:3–143:5,268v,538,https://barhama.com/aleppocodex/?image=ALEPPO_CODEX_268v,,,268v
Ps 143:5–145:20,269r,539,https://barhama.com/aleppocodex/?image=ALEPPO_CODEX_269r,,,269r
Ps 145:21–148:14,269v,540,https://barhama.com/aleppocodex/?image=ALEPPO_CODEX_269v,,,269v
Ps 149:1–Job 1:16,270r,541,https://barhama.com/aleppocodex/?image=ALEPPO_CODEX_270r,,,270r
Job 1:16–3:6,270v,542,https://barhama.com/aleppocodex/?image=ALEPPO_CODEX_270v,,,270v
Job 3:6–5:10,271r,543,https://barhama.com/aleppocodex/?image=ALEPPO_CODEX_271r,,,271r
Job 5:10–6:30,271v,544,https://barhama.com/aleppocodex/?image=ALEPPO_CODEX_271v,,,271v
Job 7:1–9:5,272r,545,https://barhama.com/aleppocodex/?image=ALEPPO_CODEX_272r,,,272r
Job 9:5–10:20,272v,546,https://barhama.com/aleppocodex/?image=ALEPPO_CODEX_272v,,,272v
Job 10:20–13:2,273r,547,https://barhama.com/aleppocodex/?image=ALEPPO_CODEX_273r,,,273r
Job 13:2–14:21,273v,548,https://barhama.com/aleppocodex/?image=ALEPPO_CODEX_273v,,,273v
Job 14:22–16:12,274r,549,https://barhama.com/aleppocodex/?image=ALEPPO_CODEX_274r,,,274r
Job 16:13–19:6,274v,550,https://barhama.com/aleppocodex/?image=ALEPPO_CODEX_274v,,,274v
Job 19:7–20:26,275r,551,https://barhama.com/aleppocodex/?image=ALEPPO_CODEX_275r,,,275r
Job 20:27–22:13,275v,552,https://barhama.com/aleppocodex/?image=ALEPPO_CODEX_275v,,,275v
Job 22:13–24:14,276r,553,https://barhama.com/aleppocodex/?image=ALEPPO_CODEX_276r,,,276r
Job 24:15–27:16,276v,554,https://barhama.com/aleppocodex/?image=ALEPPO_CODEX_276v,,,276v
Job 27:16–29:14,277r,555,https://barhama.com/aleppocodex/?image=ALEPPO_CODEX_277r,,,277r
Job 29:14–31:6,277v,556,https://barhama.com/aleppocodex/?image=ALEPPO_CODEX_277v,,,277v
Job 31:7–32:7,278r,557,https://barhama.com/aleppocodex/?image=ALEPPO_CODEX_278r,,,278r
Job 32:8–33:33,278v,558,https://barhama.com/aleppocodex/?image=ALEPPO_CODEX_278v,,,278v
Job 34:1–35:10,279r,559,https://barhama.com/aleppocodex/?image=ALEPPO_CODEX_279r,,,279r
Job 35:10–37:9,279v,560,https://barhama.com/aleppocodex/?image=ALEPPO_CODEX_279v,,,279v
Job 37:9–38:30,280r,561,https://barhama.com/aleppocodex/?image=ALEPPO_CODEX_280r,,,280r
Job 38:31–40:5,280v,562,https://barhama.com/aleppocodex/?image=ALEPPO_CODEX_280v,,,280v
Job 40:6–41:22,281r,563,https://barhama.com/aleppocodex/?image=ALEPPO_CODEX_281r,,,281r
Job 41:23–Prov 1:8,281v,564,https://barhama.com/aleppocodex/?image=ALEPPO_CODEX_281v,,,281v
Prov 1:9–2:16,282r,565,https://barhama.com/aleppocodex/?image=ALEPPO_CODEX_282r,,,282r
Prov 2:16–4:1,282v,566,https://barhama.com/aleppocodex/?image=ALEPPO_CODEX_282v,,,282v
Prov 4:1–5:17,283r,567,https://barhama.com/aleppocodex/?image=ALEPPO_CODEX_283r,,,283r
Prov 5:18–6:31,283v,568,https://barhama.com/aleppocodex/?image=ALEPPO_CODEX_283v,,,283v
Prov 6:31–8:13,284r,569,https://barhama.com/aleppocodex/?image=ALEPPO_CODEX_284r,,,284r
Prov 8:13–10:3,284v,570,https://barhama.com/aleppocodex/?image=ALEPPO_CODEX_284v,,,284v
Prov 10:3–11:13,285r,571,https://barhama.com/aleppocodex/?image=ALEPPO_CODEX_285r,,,285r
Prov 11:14–12:25,285v,572,https://barhama.com/aleppocodex/?image=ALEPPO_CODEX_285v,,,285v
Prov 12:25–14:17,286r,573,https://barhama.com/aleppocodex/?image=ALEPPO_CODEX_286r,,,286r
Prov 14:18–15:27,286v,574,https://barhama.com/aleppocodex/?image=ALEPPO_CODEX_286v,,,286v
Prov 15:28–17:8,287r,575,https://barhama.com/aleppocodex/?image=ALEPPO_CODEX_287r,,,287r
Prov 17:9–19:4,287v,576,https://barhama.com/aleppocodex/?image=ALEPPO_CODEX_287v,,,287v
Prov 19:4–20:23,288r,577,https://barhama.com/aleppocodex/?image=ALEPPO_CODEX_288r,,,288r
Prov 20:23–22:10,288v,578,https://barhama.com/aleppocodex/?image=ALEPPO_CODEX_288v,,,288v
Prov 22:11–23:29,289r,579,https://barhama.com/aleppocodex/?image=ALEPPO_CODEX_289r,,,289r
Prov 23:29–24:32,289v,580,https://barhama.com/aleppocodex/?image=ALEPPO_CODEX_289v,,,289v
Prov 24:33–26:12,290r,581,https://barhama.com/aleppocodex/?image=ALEPPO_CODEX_290r,,,290r
Prov 26:13–28:2,290v,582,https://barhama.com/aleppocodex/?image=ALEPPO_CODEX_290v,,,290v
Prov 28:2–29:16,291r,583,https://barhama.com/aleppocodex/?image=ALEPPO_CODEX_291r,,,291r
Prov 29:17–30:24,291v,584,https://barhama.com/aleppocodex/?image=ALEPPO_CODEX_291v,,,291v
Prov 30:25–31:31,292r,585,https://barhama.com/aleppocodex/?image=ALEPPO_CODEX_292r,,,292r
Ruth 1:1–2:3,292v,586,https://barhama.com/aleppocodex/?image=ALEPPO_CODEX_292v,,,292v
Ruth 2:3–3:2,293r,587,https://barhama.com/aleppocodex/?image=ALEPPO_CODEX_293r,,,293r
Ruth 3:2–4:7,293v,588,https://barhama.com/aleppocodex/?image=ALEPPO_CODEX_293v,,,293v
Ruth 4:7–Song 1:12,294r,589,https://barhama.com/aleppocodex/?image=ALEPPO_CODEX_294r,,,294r
Song 1:12–3:11,294v,590,https://barhama.com/aleppocodex/?image=ALEPPO_CODEX_294v,After,,294v
